_id,category
67ed385ba31719ac83567591,Electronics
67f16c9dc365f2c607766b8f,Toys
67f16d0036fc52e8288be66d,Electronics
67f41df820eff03d2c440f2f,Mobiles
683c4dc9b6897980a0173f63,Mobiles
683c4dcab6897980a0173f66,Mobiles
683c4eb7b7cb895bb3b169b1,Mobiles
683c4eb7b7cb895bb3b169b4,Mobiles
683c4eb7b7cb895bb3b169b7,Mobiles
683c4eb8b7cb895bb3b169ba,Mobiles
683c4eb8b7cb895bb3b169bd,Mobiles
683c4eb8b7cb895bb3b169c0,Mobiles
683c4eb8b7cb895bb3b169c3,Mobiles
683c4eb9b7cb895bb3b169c6,Mobiles
683c4eb9b7cb895bb3b169c9,Mobiles
683c4eb9b7cb895bb3b169cc,Mobiles
683c4eb9b7cb895bb3b169cf,Mobiles
683c4eb9b7cb895bb3b169d2,Mobiles
683c4ebab7cb895bb3b169d5,Mobiles
683c4ebab7cb895bb3b169d8,Mobiles
683c4ebab7cb895bb3b169db,Mobiles
683c4ebab7cb895bb3b169de,Mobiles
683c4ebbb7cb895bb3b169e1,Mobiles
683c4ebbb7cb895bb3b169e4,Mobiles
683c4ebbb7cb895bb3b169e7,Mobiles
683c4ebbb7cb895bb3b169ea,Mobiles
683c4ebbb7cb895bb3b169ed,Mobiles
683c4ebcb7cb895bb3b169f0,Mobiles
683c4ebcb7cb895bb3b169f3,Mobiles
683c4ebcb7cb895bb3b169f6,Mobiles
683c4ebcb7cb895bb3b169f9,Mobiles
683c4ebdb7cb895bb3b169fc,Mobiles
683c4ebdb7cb895bb3b169ff,Mobiles
683c4ebdb7cb895bb3b16a02,Mobiles
683c4ebeb7cb895bb3b16a05,Mobiles
683c4ebeb7cb895bb3b16a08,Mobiles
683c4ebeb7cb895bb3b16a0b,Mobiles
683c4ebfb7cb895bb3b16a0e,Mobiles
683c4ebfb7cb895bb3b16a11,Mobiles
683c4ebfb7cb895bb3b16a14,Mobiles
683c4ebfb7cb895bb3b16a17,Mobiles
683c4ec0b7cb895bb3b16a1a,Mobiles
683c4ec0b7cb895bb3b16a1d,Mobiles
683c4ec0b7cb895bb3b16a20,Mobiles
683c4ec0b7cb895bb3b16a23,Mobiles
683c4ec1b7cb895bb3b16a26,Mobiles
683c4ec1b7cb895bb3b16a29,Mobiles
683c4ec1b7cb895bb3b16a2c,Mobiles
683c4ec1b7cb895bb3b16a2f,Mobiles
683c4ec2b7cb895bb3b16a32,Mobiles
683c4ec2b7cb895bb3b16a35,Mobiles
683c4ec2b7cb895bb3b16a38,Mobiles
683c4ec2b7cb895bb3b16a3b,Mobiles
683c4ec3b7cb895bb3b16a3e,Mobiles
683c4ec3b7cb895bb3b16a41,Mobiles
683c4ec3b7cb895bb3b16a44,Mobiles
683c4ec3b7cb895bb3b16a47,Mobiles
683c4ec3b7cb895bb3b16a4a,Mobiles
683c4ec4b7cb895bb3b16a4d,Mobiles
683c4ec4b7cb895bb3b16a50,Mobiles
683c4ec4b7cb895bb3b16a53,Mobiles
683c4ec5b7cb895bb3b16a56,Mobiles
683c4ec5b7cb895bb3b16a59,Mobiles
683c4ec5b7cb895bb3b16a5c,Mobiles
683c4ec6b7cb895bb3b16a5f,Mobiles
683c4ec6b7cb895bb3b16a62,Mobiles
683c4ec6b7cb895bb3b16a65,Mobiles
683c4ec6b7cb895bb3b16a68,Mobiles
683c4ec6b7cb895bb3b16a6b,Mobiles
683c4ec7b7cb895bb3b16a6e,Mobiles
683c4ec7b7cb895bb3b16a71,Mobiles
683c4ec7b7cb895bb3b16a74,Mobiles
683c4ec7b7cb895bb3b16a77,Mobiles
683c4ec8b7cb895bb3b16a7a,Mobiles
683c4ec8b7cb895bb3b16a7d,Mobiles
683c4ec8b7cb895bb3b16a80,Mobiles
683c4ec8b7cb895bb3b16a83,Mobiles
683c4ec9b7cb895bb3b16a86,Mobiles
683c4ec9b7cb895bb3b16a89,Mobiles
683c4ec9b7cb895bb3b16a8c,Mobiles
683c4ec9b7cb895bb3b16a8f,Mobiles
683c4ec9b7cb895bb3b16a92,Mobiles
683c4ecab7cb895bb3b16a95,Mobiles
683c4ecab7cb895bb3b16a98,Mobiles
683c4ecab7cb895bb3b16a9b,Mobiles
683c4ecab7cb895bb3b16a9e,Mobiles
683c4ecab7cb895bb3b16aa1,Mobiles
683c4ecbb7cb895bb3b16aa4,Mobiles
683c4ecbb7cb895bb3b16aa7,Mobiles
683c4ecbb7cb895bb3b16aaa,Mobiles
683c4ecbb7cb895bb3b16aad,Mobiles
683c4ecbb7cb895bb3b16ab0,Mobiles
683c4eccb7cb895bb3b16ab3,Mobiles
683c4eccb7cb895bb3b16ab6,Mobiles
683c4eccb7cb895bb3b16ab9,Mobiles
683c4eccb7cb895bb3b16abc,Mobiles
683c4ecdb7cb895bb3b16abf,Mobiles
683c4ecdb7cb895bb3b16ac2,Mobiles
683c4ecdb7cb895bb3b16ac5,Mobiles
683c4ecdb7cb895bb3b16ac8,Mobiles
683c4ecdb7cb895bb3b16acb,Mobiles
683c4eceb7cb895bb3b16ace,Mobiles
683c4eceb7cb895bb3b16ad1,Mobiles
683c4eceb7cb895bb3b16ad4,Mobiles
683c4eceb7cb895bb3b16ad7,Mobiles
683c4ecfb7cb895bb3b16ada,Mobiles
683d73d906531c7f29d426fc,Mobiles
683d83c6c0dd7604aa11923a,Books
6840697c6c8a58609af0a49a,Mobiles
6840698e6c8a58609af0a49c,Mobiles
68406b876c8a58609af0a4ad,Appliances
68406d746c8a58609af0a4c4,Appliances
68406d786c8a58609af0a4c7,Appliances
68406d7c6c8a58609af0a4ca,Appliances
68406dec6c8a58609af0a4d2,Appliances
68406e0e6c8a58609af0a4d4,Appliances
68406e336c8a58609af0a4d6,Appliances
68406e466c8a58609af0a4d9,Appliances
68406e4b6c8a58609af0a4db,Appliances
68406e4b6c8a58609af0a4dd,Appliances
68406e526c8a58609af0a4df,Toys
68406eaa6c8a58609af0a4e2,Toys
68406ffca436c378f36a2038,Toys
6840714f3b6297e63f36aa96,Toys
68469cbd975ae6a256ee53cb,Electronics
68469cbe975ae6a256ee53ce,Electronics
68469cbf975ae6a256ee53d1,Electronics
68469cbf975ae6a256ee53d3,Electronics
68469cc2975ae6a256ee53d7,Electronics
68469cc6975ae6a256ee53da,Electronics
68469ccc975ae6a256ee53dd,Electronics
68469cce975ae6a256ee53e0,Electronics
68469cce975ae6a256ee53e2,Electronics
68469cce975ae6a256ee53e6,Electronics
68469cd2975ae6a256ee53e9,Electronics
68469cd4975ae6a256ee53ec,Electronics
68469cd8975ae6a256ee53ef,Electronics
68469cd9975ae6a256ee53f2,Electronics
68469cda975ae6a256ee53f5,Electronics
68469cdc975ae6a256ee53f8,Electronics
68469ce1975ae6a256ee53fb,Electronics
68469ce3975ae6a256ee53fd,Electronics
68469ce6975ae6a256ee53ff,Electronics
68469ce6975ae6a256ee5401,Electronics
68469ce6975ae6a256ee5403,Electronics
68469ce7975ae6a256ee5405,Electronics
685e618bd2b3c19109fc15f8,Food
685e6272af06ed01c5e90077,Food
